InvoiceNo,CustomerID,InvoiceDate,Quantity,UnitPrice,TotalAmount
INV10000,CUST1046,2026-08-21 14:35:34.873692,7,24.86,174.01999999999998
INV10001,CUST1011,2026-03-22 14:35:34.873959,5,49.61,248.05
INV10002,CUST1061,2026-07-01 14:35:34.873969,5,80.59,402.95000000000005
INV10003,CUST1079,2026-07-26 14:35:34.873972,5,10.02,50.099999999999994
INV10004,CUST1082,2026-09-08 14:35:34.873974,1,86.45,86.45
INV10005,CUST1007,2026-09-08 14:35:34.873978,8,4.35,34.8
INV10006,CUST1148,2026-09-15 14:35:34.873980,1,743.6,743.6
INV10007,CUST1080,2026-05-21 14:35:34.873982,4,100.65,402.6
INV10008,CUST1117,2026-07-25 14:35:34.873984,9,14.05,126.45
INV10009,CUST1197,2026-07-07 14:35:34.873986,9,31.87,286.83
INV10010,CUST1199,2026-09-17 14:35:34.873988,5,24.08,120.39999999999999
INV10011,CUST1024,2026-02-20 14:35:34.873990,4,39.14,156.56
INV10012,CUST1088,2026-06-03 14:35:34.873992,3,8.0,24.0
INV10013,CUST1011,2026-09-04 14:35:34.873994,3,73.71,221.13
INV10014,CUST1142,2026-09-06 14:35:34.873996,5,6.1,30.5
INV10015,CUST1058,2026-09-06 14:35:34.873998,1,272.36,272.36
INV10016,CUST1153,2026-08-28 14:35:34.873999,5,47.7,238.5
INV10017,CUST1108,2026-08-05 14:35:34.874001,6,32.51,195.06
INV10018,CUST1025,2026-08-16 14:35:34.874003,7,2.22,15.540000000000001
INV10019,CUST1046,2026-08-29 14:35:34.874005,9,7.13,64.17
INV10020,CUST1031,2026-07-24 14:35:34.874007,3,18.6,55.800000000000004
INV10021,CUST1009,2026-09-09 14:35:34.874009,2,38.49,76.98
INV10022,CUST1015,2026-08-29 14:35:34.874010,3,7.92,23.759999999999998
INV10023,CUST1198,2026-08-22 14:35:34.874012,9,47.18,424.62
INV10024,CUST1144,2026-08-13 14:35:34.874014,7,18.72,131.04
INV10025,CUST1150,2026-06-18 14:35:34.874016,9,7.19,64.71000000000001
INV10026,CUST1025,2026-09-05 14:35:34.874018,2,42.94,85.88
INV10027,CUST1085,2026-08-06 14:35:34.874020,5,19.78,98.9
INV10028,CUST1134,2026-07-27 14:35:34.874021,4,36.92,147.68
INV10029,CUST1013,2026-09-16 14:35:34.874023,2,59.38,118.76
INV10030,CUST1078,2026-07-24 14:35:34.874025,9,43.08,387.71999999999997
INV10031,CUST1116,2026-09-07 14:35:34.874026,9,12.56,113.04
INV10032,CUST1006,2026-09-14 14:35:34.874028,6,122.87,737.22
INV10033,CUST1136,2026-03-24 14:35:34.874030,6,49.33,295.98
INV10034,CUST1114,2026-02-28 14:35:34.874032,8,5.63,45.04
INV10035,CUST1175,2026-06-11 14:35:34.874034,6,68.36,410.15999999999997
INV10036,CUST1071,2026-08-28 14:35:34.874035,1,28.56,28.56
INV10037,CUST1058,2026-09-12 14:35:34.874037,4,66.28,265.12
INV10038,CUST1081,2026-07-11 14:35:34.874039,7,11.69,81.83
INV10039,CUST1115,2026-08-15 14:35:34.874041,2,162.76,325.52
INV10040,CUST1166,2026-09-11 14:35:34.874042,9,34.87,313.83
INV10041,CUST1145,2026-08-08 14:35:34.874044,8,31.99,255.92
INV10042,CUST1186,2026-09-16 14:35:34.874046,8,30.51,244.08
INV10043,CUST1102,2026-04-27 14:35:34.874048,7,9.22,64.54
INV10044,CUST1016,2026-09-01 14:35:34.874050,4,5.66,22.64
INV10045,CUST1013,2026-07-15 14:35:34.874051,2,43.69,87.38
INV10046,CUST1158,2026-08-27 14:35:34.874053,3,12.86,38.58
INV10047,CUST1151,2026-08-05 14:35:34.874055,6,31.35,188.10000000000002
INV10048,CUST1107,2026-08-02 14:35:34.874057,5,14.74,73.7
INV10049,CUST1187,2026-09-06 14:35:34.874058,8,70.88,567.04
INV10050,CUST1044,2026-02-21 14:35:34.874060,6,27.28,163.68
INV10051,CUST1097,2026-06-21 14:35:34.874062,6,44.88,269.28000000000003
INV10052,CUST1130,2026-04-03 14:35:34.874064,1,31.33,31.33
INV10053,CUST1036,2026-05-06 14:35:34.874068,4,76.77,307.08
INV10054,CUST1170,2026-07-26 14:35:34.874071,5,78.82,394.09999999999997
INV10055,CUST1167,2026-04-19 14:35:34.874073,3,36.71,110.13
INV10056,CUST1182,2026-09-13 14:35:34.874076,9,16.65,149.85
INV10057,CUST1107,2026-09-05 14:35:34.874079,1,227.1,227.1
INV10058,CUST1038,2026-09-16 14:35:34.874082,6,6.47,38.82
INV10059,CUST1014,2026-08-26 14:35:34.874085,6,19.12,114.72
INV10060,CUST1119,2026-08-20 14:35:34.874088,5,17.26,86.30000000000001
INV10061,CUST1003,2026-08-31 14:35:34.874092,5,6.75,33.75
INV10062,CUST1092,2026-06-05 14:35:34.874100,5,15.74,78.7
INV10063,CUST1152,2026-08-23 14:35:34.874107,6,3.43,20.580000000000002
INV10064,CUST1140,2026-08-30 14:35:34.874112,8,1.74,13.92
INV10065,CUST1160,2026-08-03 14:35:34.874123,2,15.89,31.78
INV10066,CUST1015,2026-09-09 14:35:34.874127,6,84.17,505.02
INV10067,CUST1169,2026-06-13 14:35:34.874129,1,129.62,129.62
INV10068,CUST1107,2026-09-14 14:35:34.874132,4,129.11,516.44
INV10069,CUST1125,2026-01-01 14:35:34.874135,3,31.66,94.98
INV10070,CUST1193,2026-06-22 14:35:34.874139,9,7.34,66.06
INV10071,CUST1054,2026-09-05 14:35:34.874141,3,38.61,115.83
INV10072,CUST1169,2026-09-18 14:35:34.874144,6,16.14,96.84
INV10073,CUST1033,2026-06-09 14:35:34.874150,1,26.75,26.75
INV10074,CUST1157,2026-07-07 14:35:34.874154,6,27.27,163.62
INV10075,CUST1012,2026-07-02 14:35:34.874157,4,11.63,46.52
INV10076,CUST1140,2026-06-22 14:35:34.874178,8,19.37,154.96
INV10077,CUST1017,2026-09-14 14:35:34.874191,9,18.62,167.58
INV10078,CUST1159,2026-08-23 14:35:34.874194,4,8.68,34.72
INV10079,CUST1095,2026-09-11 14:35:34.874198,6,3.25,19.5
INV10080,CUST1122,2026-05-22 14:35:34.874200,1,237.64,237.64
INV10081,CUST1038,2026-07-22 14:35:34.874203,4,25.59,102.36
INV10082,CUST1045,2026-08-25 14:35:34.874206,7,2.71,18.97
INV10083,CUST1028,2026-09-15 14:35:34.874209,1,800.79,800.79
INV10084,CUST1189,2026-08-27 14:35:34.874212,8,2.37,18.96
INV10085,CUST1061,2026-08-26 14:35:34.874215,6,31.36,188.16
INV10086,CUST1184,2026-07-02 14:35:34.874218,5,125.46,627.3
INV10087,CUST1015,2026-07-20 14:35:34.874221,9,5.67,51.03
INV10088,CUST1183,2026-05-11 14:35:34.874225,2,16.51,33.02
INV10089,CUST1120,2026-08-11 14:35:34.874227,5,5.88,29.4
INV10090,CUST1009,2026-09-11 14:35:34.874230,6,10.7,64.19999999999999
INV10091,CUST1157,2026-07-06 14:35:34.874233,7,3.71,25.97
INV10092,CUST1152,2026-06-25 14:35:34.874236,5,37.35,186.75
INV10093,CUST1102,2026-07-31 14:35:34.874240,9,2.18,19.62
INV10094,CUST1083,2026-06-22 14:35:34.874243,1,116.83,116.83
INV10095,CUST1132,2026-08-09 14:35:34.874246,7,123.85,866.9499999999999
INV10096,CUST1064,2026-08-05 14:35:34.874249,7,37.47,262.28999999999996
INV10097,CUST1176,2026-08-16 14:35:34.874251,4,38.32,153.28
INV10098,CUST1002,2026-09-17 14:35:34.874255,9,7.21,64.89
INV10099,CUST1172,2026-09-12 14:35:34.874257,5,31.34,156.7
INV10100,CUST1141,2026-09-17 14:35:34.874260,4,30.58,122.32
INV10101,CUST1119,2026-07-20 14:35:34.874264,7,13.33,93.31
INV10102,CUST1157,2026-08-27 14:35:34.874266,4,7.75,31.0
INV10103,CUST1067,2026-08-07 14:35:34.874269,3,112.18,336.54
INV10104,CUST1145,2026-04-29 14:35:34.874272,9,11.07,99.63
INV10105,CUST1189,2026-09-01 14:35:34.874281,8,5.31,42.48
INV10106,CUST1036,2026-08-18 14:35:34.874284,1,78.77,78.77
INV10107,CUST1152,2026-06-26 14:35:34.874287,7,12.89,90.23
INV10108,CUST1175,2026-09-03 14:35:34.874290,9,30.4,273.59999999999997
INV10109,CUST1192,2026-09-14 14:35:34.874294,8,26.05,208.4
INV10110,CUST1180,2026-08-29 14:35:34.874297,8,28.75,230.0
INV10111,CUST1072,2026-09-08 14:35:34.874299,6,1.94,11.64
INV10112,CUST1142,2026-04-12 14:35:34.874303,4,22.68,90.72
INV10113,CUST1048,2026-06-11 14:35:34.874306,8,13.56,108.48
INV10114,CUST1120,2026-07-20 14:35:34.874308,3,4.3,12.899999999999999
INV10115,CUST1087,2026-05-18 14:35:34.874311,9,6.13,55.17
INV10116,CUST1195,2026-06-13 14:35:34.874314,2,112.12,224.24
INV10117,CUST1139,2026-09-06 14:35:34.874317,2,16.06,32.12
INV10118,CUST1186,2026-05-08 14:35:34.874320,7,17.85,124.95000000000002
INV10119,CUST1036,2026-08-03 14:35:34.874322,4,11.59,46.36
INV10120,CUST1060,2026-06-12 14:35:34.874325,8,1.48,11.84
INV10121,CUST1170,2026-05-06 14:35:34.874327,9,5.71,51.39
INV10122,CUST1123,2026-08-27 14:35:34.874329,7,81.24,568.68
INV10123,CUST1197,2026-09-12 14:35:34.874331,5,50.51,252.54999999999998
INV10124,CUST1038,2026-09-03 14:35:34.874332,8,61.41,491.28
INV10125,CUST1183,2026-08-16 14:35:34.874334,4,27.59,110.36
INV10126,CUST1062,2026-06-08 14:35:34.874336,2,13.72,27.44
INV10127,CUST1045,2026-05-23 14:35:34.874338,6,21.52,129.12
INV10128,CUST1087,2026-09-18 14:35:34.874339,9,11.21,100.89000000000001
INV10129,CUST1010,2026-08-07 14:35:34.874342,1,289.03,289.03
INV10130,CUST1061,2026-08-17 14:35:34.874344,7,3.64,25.48
INV10131,CUST1076,2026-09-03 14:35:34.874346,9,12.28,110.52
INV10132,CUST1152,2026-09-11 14:35:34.874347,9,3.82,34.379999999999995
INV10133,CUST1198,2026-08-25 14:35:34.874349,3,22.96,68.88
INV10134,CUST1051,2026-03-31 14:35:34.874351,5,42.11,210.55
INV10135,CUST1003,2026-08-26 14:35:34.874352,8,13.37,106.96
INV10136,CUST1058,2026-08-06 14:35:34.874354,8,10.09,80.72
INV10137,CUST1071,2026-07-08 14:35:34.874356,4,21.31,85.24
INV10138,CUST1147,2026-08-22 14:35:34.874358,1,102.27,102.27
INV10139,CUST1092,2026-02-16 14:35:34.874359,1,240.58,240.58
INV10140,CUST1062,2026-03-06 14:35:34.874361,4,85.99,343.96
INV10141,CUST1053,2026-09-01 14:35:34.874363,6,79.38,476.28
INV10142,CUST1116,2026-08-08 14:35:34.874364,8,30.24,241.92
INV10143,CUST1109,2026-08-28 14:35:34.874366,6,11.14,66.84
INV10144,CUST1073,2026-08-29 14:35:34.874368,9,20.53,184.77
INV10145,CUST1106,2026-09-16 14:35:34.874370,9,10.7,96.3
INV10146,CUST1056,2026-07-24 14:35:34.874371,2,27.04,54.08
INV10147,CUST1168,2026-08-08 14:35:34.874373,1,285.71,285.71
INV10148,CUST1002,2026-09-15 14:35:34.874375,2,7.94,15.88
INV10149,CUST1119,2026-08-30 14:35:34.874377,5,71.61,358.05
INV10150,CUST1005,2026-04-28 14:35:34.874383,4,25.71,102.84
INV10151,CUST1004,2026-09-02 14:35:34.874385,4,40.52,162.08
INV10152,CUST1004,2026-09-09 14:35:34.874387,9,19.06,171.54
INV10153,CUST1053,2026-08-09 14:35:34.874389,8,43.53,348.24
INV10154,CUST1046,2026-01-07 14:35:34.874391,6,26.98,161.88
INV10155,CUST1176,2026-09-02 14:35:34.874392,1,152.76,152.76
INV10156,CUST1008,2026-07-14 14:35:34.874394,2,10.17,20.34
INV10157,CUST1098,2026-06-24 14:35:34.874396,6,19.93,119.58
INV10158,CUST1019,2026-09-02 14:35:34.874398,2,17.2,34.4
INV10159,CUST1121,2026-07-02 14:35:34.874399,5,42.12,210.6
INV10160,CUST1060,2026-08-22 14:35:34.874401,5,23.54,117.69999999999999
INV10161,CUST1122,2026-07-20 14:35:34.874403,6,30.17,181.02
INV10162,CUST1162,2026-07-20 14:35:34.874405,6,2.73,16.38
INV10163,CUST1177,2026-08-03 14:35:34.874406,6,3.88,23.28
INV10164,CUST1081,2026-09-13 14:35:34.874408,2,99.49,198.98
INV10165,CUST1061,2026-06-02 14:35:34.874410,3,7.07,21.21
INV10166,CUST1144,2026-08-26 14:35:34.874411,6,3.51,21.06
INV10167,CUST1002,2026-09-06 14:35:34.874413,8,1.48,11.84
INV10168,CUST1159,2026-09-16 14:35:34.874415,1,480.25,480.25
INV10169,CUST1012,2026-07-27 14:35:34.874417,1,210.63,210.63
INV10170,CUST1119,2026-07-13 14:35:34.874419,2,37.68,75.36
INV10171,CUST1124,2026-09-17 14:35:34.874420,6,10.46,62.760000000000005
INV10172,CUST1088,2026-08-06 14:35:34.874422,9,8.28,74.52
INV10173,CUST1072,2026-09-03 14:35:34.874425,4,58.38,233.52
INV10174,CUST1067,2026-07-18 14:35:34.874426,3,57.48,172.44
INV10175,CUST1141,2026-09-07 14:35:34.874428,8,5.09,40.72
INV10176,CUST1100,2026-07-10 14:35:34.874430,9,4.3,38.699999999999996
INV10177,CUST1097,2026-08-20 14:35:34.874431,5,5.11,25.55
INV10178,CUST1010,2026-04-06 14:35:34.874433,9,19.11,171.99
INV10179,CUST1104,2026-09-10 14:35:34.874435,2,113.41,226.82
INV10180,CUST1183,2026-08-24 14:35:34.874436,3,18.73,56.19
INV10181,CUST1066,2026-09-11 14:35:34.874438,7,1.88,13.16
INV10182,CUST1122,2026-04-16 14:35:34.874440,7,3.27,22.89
INV10183,CUST1028,2026-05-16 14:35:34.874442,6,87.61,525.66
INV10184,CUST1136,2026-09-01 14:35:34.874443,6,10.42,62.519999999999996
INV10185,CUST1194,2026-07-16 14:35:34.874445,2,114.97,229.94
INV10186,CUST1152,2026-06-09 14:35:34.874447,6,26.16,156.96
INV10187,CUST1075,2026-08-01 14:35:34.874448,4,20.54,82.16
INV10188,CUST1169,2026-08-04 14:35:34.874450,3,14.85,44.55
INV10189,CUST1008,2026-09-02 14:35:34.874452,2,14.71,29.42
INV10190,CUST1039,2026-09-13 14:35:34.874454,1,153.18,153.18
INV10191,CUST1024,2026-05-05 14:35:34.874455,5,46.7,233.5
INV10192,CUST1004,2026-05-03 14:35:34.874457,2,82.44,164.88
INV10193,CUST1138,2026-07-20 14:35:34.874459,2,61.67,123.34
INV10194,CUST1186,2026-08-25 14:35:34.874461,7,2.35,16.45
INV10195,CUST1123,2026-08-24 14:35:34.874462,8,66.08,528.64
INV10196,CUST1037,2026-07-03 14:35:34.874464,8,31.31,250.48
INV10197,CUST1071,2026-05-05 14:35:34.874466,4,15.49,61.96
INV10198,CUST1132,2026-05-11 14:35:34.874468,1,596.58,596.58
INV10199,CUST1175,2026-06-20 14:35:34.874469,7,21.16,148.12
INV10200,CUST1089,2026-07-19 14:35:34.874471,1,140.99,140.99
INV10201,CUST1145,2026-09-13 14:35:34.874473,4,54.2,216.8
INV10202,CUST1197,2026-09-08 14:35:34.874475,8,32.56,260.48
INV10203,CUST1036,2026-05-04 14:35:34.874477,2,85.14,170.28
INV10204,CUST1059,2026-07-25 14:35:34.874478,6,5.09,30.54
INV10205,CUST1175,2026-09-18 14:35:34.874480,6,11.99,71.94
INV10206,CUST1027,2026-09-12 14:35:34.874482,9,44.98,404.82
INV10207,CUST1196,2026-07-15 14:35:34.874484,5,9.63,48.150000000000006
INV10208,CUST1080,2026-09-18 14:35:34.874485,4,19.96,79.84
INV10209,CUST1113,2026-09-08 14:35:34.874487,5,18.97,94.85
INV10210,CUST1039,2026-08-02 14:35:34.874489,5,19.36,96.8
INV10211,CUST1044,2026-07-10 14:35:34.874491,8,19.05,152.4
INV10212,CUST1061,2026-07-17 14:35:34.874494,8,54.99,439.92
INV10213,CUST1092,2026-09-03 14:35:34.874497,2,25.65,51.3
INV10214,CUST1114,2026-07-06 14:35:34.874500,7,4.2,29.400000000000002
INV10215,CUST1185,2026-09-02 14:35:34.874503,8,5.37,42.96
INV10216,CUST1066,2026-08-26 14:35:34.874506,6,56.16,336.96
INV10217,CUST1055,2026-06-28 14:35:34.874509,5,33.14,165.7
INV10218,CUST1039,2026-07-18 14:35:34.874512,9,6.72,60.48
INV10219,CUST1097,2026-05-28 14:35:34.874515,3,87.96,263.88
INV10220,CUST1039,2026-07-16 14:35:34.874518,4,76.6,306.4
INV10221,CUST1090,2026-07-30 14:35:34.874521,9,32.35,291.15000000000003
INV10222,CUST1032,2026-09-13 14:35:34.874524,6,64.48,386.88
INV10223,CUST1005,2026-08-22 14:35:34.874527,8,6.7,53.6
INV10224,CUST1146,2026-08-31 14:35:34.874530,7,31.57,220.99
INV10225,CUST1079,2026-09-02 14:35:34.874533,2,51.29,102.58
INV10226,CUST1167,2026-02-14 14:35:34.874536,3,95.59,286.77
INV10227,CUST1091,2026-08-20 14:35:34.874539,1,205.56,205.56
INV10228,CUST1096,2026-05-08 14:35:34.874542,9,26.08,234.71999999999997
INV10229,CUST1058,2026-07-21 14:35:34.874545,7,24.31,170.17
INV10230,CUST1058,2026-06-15 14:35:34.874548,1,39.3,39.3
INV10231,CUST1047,2026-08-08 14:35:34.874550,3,42.71,128.13
INV10232,CUST1168,2026-07-29 14:35:34.874553,4,159.17,636.68
INV10233,CUST1012,2026-08-09 14:35:34.874557,4,106.4,425.6
INV10234,CUST1106,2026-09-05 14:35:34.874560,5,3.32,16.599999999999998
INV10235,CUST1044,2026-07-04 14:35:34.874563,3,12.34,37.019999999999996
INV10236,CUST1088,2026-08-30 14:35:34.874570,3,10.4,31.200000000000003
INV10237,CUST1180,2026-09-17 14:35:34.874573,1,204.18,204.18
INV10238,CUST1169,2026-07-18 14:35:34.874576,7,37.91,265.37
INV10239,CUST1099,2026-09-07 14:35:34.874579,1,46.03,46.03
INV10240,CUST1190,2026-04-02 14:35:34.874582,2,57.87,115.74
INV10241,CUST1154,2026-03-18 14:35:34.874584,4,71.39,285.56
INV10242,CUST1165,2026-04-24 14:35:34.874588,4,51.99,207.96
INV10243,CUST1187,2026-08-22 14:35:34.874591,5,25.44,127.2
INV10244,CUST1006,2026-09-18 14:35:34.874594,2,71.93,143.86
INV10245,CUST1132,2026-04-13 14:35:34.874596,4,29.13,116.52
INV10246,CUST1044,2026-08-16 14:35:34.874599,1,62.98,62.98
INV10247,CUST1057,2026-02-26 14:35:34.874602,2,67.43,134.86
INV10248,CUST1030,2026-03-04 14:35:34.874606,1,185.14,185.14
INV10249,CUST1022,2026-05-26 14:35:34.874609,4,79.98,319.92
INV10250,CUST1169,2026-08-29 14:35:34.874612,4,40.43,161.72
INV10251,CUST1137,2026-08-20 14:35:34.874615,7,32.11,224.76999999999998
INV10252,CUST1159,2026-05-27 14:35:34.874618,9,4.02,36.17999999999999
INV10253,CUST1106,2026-08-27 14:35:34.874621,9,11.43,102.87
INV10254,CUST1180,2026-09-07 14:35:34.874624,5,2.28,11.399999999999999
INV10255,CUST1157,2026-08-01 14:35:34.874627,1,52.49,52.49
INV10256,CUST1038,2026-04-06 14:35:34.874630,1,204.45,204.45
INV10257,CUST1158,2026-07-09 14:35:34.874634,6,121.79,730.74
INV10258,CUST1081,2026-07-30 14:35:34.874637,2,12.83,25.66
INV10259,CUST1099,2026-09-12 14:35:34.874639,8,10.87,86.96
INV10260,CUST1001,2026-07-23 14:35:34.874642,9,27.94,251.46
INV10261,CUST1076,2025-12-16 14:35:34.874646,4,11.06,44.24
INV10262,CUST1011,2026-09-09 14:35:34.874650,5,26.3,131.5
INV10263,CUST1038,2026-08-06 14:35:34.874654,8,26.01,208.08
INV10264,CUST1193,2026-05-16 14:35:34.874657,3,51.19,153.57
INV10265,CUST1012,2026-06-29 14:35:34.874660,5,8.25,41.25
INV10266,CUST1045,2026-07-09 14:35:34.874663,3,25.29,75.87
INV10267,CUST1154,2026-07-08 14:35:34.874666,3,79.91,239.73
INV10268,CUST1112,2026-08-23 14:35:34.874669,3,43.73,131.19
INV10269,CUST1016,2026-08-29 14:35:34.874673,7,1.54,10.780000000000001
INV10270,CUST1103,2026-06-11 14:35:34.874677,7,32.1,224.70000000000002
INV10271,CUST1097,2026-06-11 14:35:34.874679,7,2.2,15.400000000000002
INV10272,CUST1187,2026-05-20 14:35:34.874683,8,26.93,215.44
INV10273,CUST1191,2026-04-25 14:35:34.874686,5,8.79,43.949999999999996
INV10274,CUST1087,2026-08-07 14:35:34.874688,5,97.16,485.79999999999995
INV10275,CUST1108,2026-08-08 14:35:34.874691,4,19.7,78.8
INV10276,CUST1162,2026-06-14 14:35:34.874694,7,9.91,69.37
INV10277,CUST1069,2026-07-18 14:35:34.874697,4,8.55,34.2
INV10278,CUST1157,2026-07-08 14:35:34.874700,2,32.35,64.7
INV10279,CUST1198,2026-06-15 14:35:34.874702,4,80.98,323.92
INV10280,CUST1073,2026-05-09 14:35:34.874706,8,106.41,851.28
INV10281,CUST1062,2026-08-25 14:35:34.874709,9,8.77,78.92999999999999
INV10282,CUST1155,2026-08-21 14:35:34.874712,3,33.1,99.30000000000001
INV10283,CUST1059,2026-09-13 14:35:34.874715,7,28.87,202.09
INV10284,CUST1078,2026-07-29 14:35:34.874718,9,37.33,335.96999999999997
INV10285,CUST1036,2026-09-16 14:35:34.874720,4,36.21,144.84
INV10286,CUST1021,2026-08-12 14:35:34.874722,3,28.17,84.51
INV10287,CUST1195,2026-08-03 14:35:34.874724,5,17.96,89.80000000000001
INV10288,CUST1147,2026-08-29 14:35:34.874726,1,188.42,188.42
INV10289,CUST1095,2026-07-27 14:35:34.874728,3,3.49,10.47
INV10290,CUST1067,2026-09-17 14:35:34.874730,8,19.37,154.96
INV10291,CUST1191,2026-09-16 14:35:34.874732,8,9.49,75.92
INV10292,CUST1016,2026-06-07 14:35:34.874733,4,61.78,247.12
INV10293,CUST1011,2026-08-23 14:35:34.874735,2,12.32,24.64
INV10294,CUST1149,2026-09-10 14:35:34.874737,8,17.89,143.12
INV10295,CUST1144,2026-08-05 14:35:34.874739,8,13.55,108.4
INV10296,CUST1137,2026-06-22 14:35:34.874740,4,41.05,164.2
INV10297,CUST1117,2026-09-04 14:35:34.874742,3,6.69,20.07
INV10298,CUST1192,2026-07-22 14:35:34.874744,2,70.06,140.12
INV10299,CUST1021,2026-09-13 14:35:34.874746,9,14.85,133.65
INV10300,CUST1119,2026-09-15 14:35:34.874747,1,133.37,133.37
INV10301,CUST1049,2026-08-04 14:35:34.874749,7,21.25,148.75
INV10302,CUST1013,2026-08-03 14:35:34.874751,5,35.85,179.25
INV10303,CUST1191,2026-07-20 14:35:34.874753,8,31.9,255.2
INV10304,CUST1174,2026-07-03 14:35:34.874754,4,14.29,57.16
INV10305,CUST1028,2026-02-07 14:35:34.874756,7,38.78,271.46000000000004
INV10306,CUST1163,2026-08-06 14:35:34.874758,5,22.69,113.45
INV10307,CUST1179,2026-08-26 14:35:34.874760,5,4.41,22.05
INV10308,CUST1124,2026-06-15 14:35:34.874762,9,2.12,19.080000000000002
INV10309,CUST1006,2026-08-31 14:35:34.874765,9,7.89,71.00999999999999
INV10310,CUST1028,2026-08-15 14:35:34.874767,9,26.72,240.48
INV10311,CUST1138,2026-09-14 14:35:34.874769,6,32.41,194.45999999999998
INV10312,CUST1032,2026-09-17 14:35:34.874771,6,40.52,243.12
INV10313,CUST1133,2026-03-05 14:35:34.874773,5,23.85,119.25
INV10314,CUST1110,2026-06-02 14:35:34.874775,9,10.78,97.02
INV10315,CUST1078,2026-07-09 14:35:34.874777,8,4.24,33.92
INV10316,CUST1159,2026-08-18 14:35:34.874779,7,9.95,69.64999999999999
INV10317,CUST1178,2026-09-07 14:35:34.874780,7,13.63,95.41000000000001
INV10318,CUST1057,2026-09-08 14:35:34.874782,6,3.99,23.94
INV10319,CUST1025,2026-09-01 14:35:34.874784,5,9.48,47.400000000000006
INV10320,CUST1173,2026-08-02 14:35:34.874788,4,36.69,146.76
INV10321,CUST1028,2026-07-05 14:35:34.874790,3,69.86,209.57999999999998
INV10322,CUST1003,2026-07-16 14:35:34.874792,3,323.61,970.83
INV10323,CUST1098,2026-08-30 14:35:34.874793,6,69.29,415.74
INV10324,CUST1140,2026-03-17 14:35:34.874795,4,41.08,164.32
INV10325,CUST1038,2026-06-30 14:35:34.874797,6,15.34,92.03999999999999
INV10326,CUST1014,2026-08-01 14:35:34.874799,3,53.89,161.67000000000002
INV10327,CUST1118,2026-07-24 14:35:34.874801,4,60.26,241.04
INV10328,CUST1028,2026-08-17 14:35:34.874803,9,3.21,28.89
INV10329,CUST1156,2026-09-01 14:35:34.874804,5,17.82,89.1
INV10330,CUST1074,2026-08-23 14:35:34.874806,7,40.67,284.69
INV10331,CUST1115,2026-06-25 14:35:34.874808,2,41.32,82.64
INV10332,CUST1031,2026-09-18 14:35:34.874810,5,27.45,137.25
INV10333,CUST1129,2026-09-11 14:35:34.874811,9,15.88,142.92000000000002
INV10334,CUST1174,2026-09-16 14:35:34.874813,3,13.53,40.589999999999996
INV10335,CUST1083,2026-09-16 14:35:34.874815,9,8.61,77.49
INV10336,CUST1021,2026-05-25 14:35:34.874817,6,11.85,71.1
INV10337,CUST1026,2026-07-08 14:35:34.874818,4,3.5,14.0
INV10338,CUST1194,2026-08-11 14:35:34.874820,7,1.95,13.65
INV10339,CUST1080,2026-09-12 14:35:34.874822,8,34.66,277.28
INV10340,CUST1125,2026-08-09 14:35:34.874824,6,9.64,57.84
INV10341,CUST1183,2026-08-11 14:35:34.874826,5,23.9,119.5
INV10342,CUST1091,2026-09-07 14:35:34.874827,6,10.54,63.239999999999995
INV10343,CUST1020,2026-08-15 14:35:34.874829,5,86.74,433.7
INV10344,CUST1046,2026-08-19 14:35:34.874831,8,6.88,55.04
INV10345,CUST1100,2026-07-23 14:35:34.874833,1,94.23,94.23
INV10346,CUST1186,2026-07-20 14:35:34.874834,7,45.6,319.2
INV10347,CUST1083,2026-09-16 14:35:34.874836,2,143.36,286.72
INV10348,CUST1005,2026-08-21 14:35:34.874838,9,4.54,40.86
INV10349,CUST1146,2026-07-22 14:35:34.874840,1,253.41,253.41
INV10350,CUST1184,2026-08-08 14:35:34.874841,6,16.99,101.94
INV10351,CUST1196,2026-05-25 14:35:34.874843,9,12.11,108.99
INV10352,CUST1130,2026-07-16 14:35:34.874845,1,31.49,31.49
INV10353,CUST1000,2026-09-08 14:35:34.874848,4,5.65,22.6
INV10354,CUST1057,2026-09-14 14:35:34.874850,4,51.31,205.24
INV10355,CUST1123,2026-07-19 14:35:34.874851,9,12.55,112.95
INV10356,CUST1165,2026-09-17 14:35:34.874853,5,19.23,96.15
INV10357,CUST1014,2026-07-28 14:35:34.874855,5,41.23,206.14999999999998
INV10358,CUST1161,2026-04-02 14:35:34.874857,6,37.93,227.57999999999998
INV10359,CUST1188,2026-07-29 14:35:34.874858,1,35.96,35.96
INV10360,CUST1162,2026-08-20 14:35:34.874860,1,151.33,151.33
INV10361,CUST1063,2026-07-19 14:35:34.874862,9,3.54,31.86
INV10362,CUST1024,2026-08-13 14:35:34.874864,3,72.92,218.76
INV10363,CUST1023,2026-08-02 14:35:34.874865,4,42.62,170.48
INV10364,CUST1011,2026-04-01 14:35:34.874867,1,480.64,480.64
INV10365,CUST1017,2026-08-20 14:35:34.874869,9,2.3,20.7
INV10366,CUST1014,2026-03-08 14:35:34.874871,8,2.35,18.8
INV10367,CUST1026,2026-04-30 14:35:34.874873,2,29.87,59.74
INV10368,CUST1071,2026-09-05 14:35:34.874874,8,6.94,55.52
INV10369,CUST1059,2026-09-14 14:35:34.874876,7,7.51,52.57
INV10370,CUST1173,2026-09-12 14:35:34.874878,6,60.85,365.1
INV10371,CUST1144,2026-09-17 14:35:34.874880,1,53.06,53.06
INV10372,CUST1092,2026-09-13 14:35:34.874881,7,8.23,57.61
INV10373,CUST1052,2026-07-12 14:35:34.874883,7,31.96,223.72
INV10374,CUST1007,2026-09-14 14:35:34.874885,9,11.07,99.63
INV10375,CUST1078,2026-08-26 14:35:34.874887,1,234.89,234.89
INV10376,CUST1026,2026-05-30 14:35:34.874888,2,10.07,20.14
INV10377,CUST1173,2026-09-17 14:35:34.874890,9,12.25,110.25
INV10378,CUST1049,2026-06-09 14:35:34.874892,9,1.68,15.12
INV10379,CUST1198,2026-08-30 14:35:34.874894,6,3.28,19.68
INV10380,CUST1130,2026-09-11 14:35:34.874896,6,60.89,365.34000000000003
INV10381,CUST1092,2026-07-09 14:35:34.874897,4,8.12,32.48
INV10382,CUST1191,2026-07-21 14:35:34.874899,4,31.01,124.04
INV10383,CUST1171,2026-05-16 14:35:34.874901,5,17.88,89.39999999999999
INV10384,CUST1180,2026-07-01 14:35:34.874903,3,24.67,74.01
INV10385,CUST1023,2026-06-13 14:35:34.874904,1,355.14,355.14
INV10386,CUST1059,2026-08-30 14:35:34.874906,1,13.31,13.31
INV10387,CUST1121,2026-09-07 14:35:34.874908,7,24.79,173.53
INV10388,CUST1130,2026-06-27 14:35:34.874910,1,506.13,506.13
INV10389,CUST1147,2026-06-12 14:35:34.874911,1,133.2,133.2
INV10390,CUST1045,2025-12-13 14:35:34.874913,3,141.42,424.26
INV10391,CUST1014,2026-08-18 14:35:34.874915,4,4.51,18.04
INV10392,CUST1152,2026-08-22 14:35:34.874917,4,22.85,91.4
INV10393,CUST1198,2026-06-21 14:35:34.874919,2,27.6,55.2
INV10394,CUST1016,2026-08-24 14:35:34.874920,1,206.86,206.86
INV10395,CUST1125,2026-04-11 14:35:34.874922,3,202.29,606.87
INV10396,CUST1083,2026-05-24 14:35:34.874924,4,13.62,54.48
INV10397,CUST1008,2026-08-16 14:35:34.874926,3,56.42,169.26
INV10398,CUST1165,2026-06-27 14:35:34.874927,8,5.39,43.12
INV10399,CUST1175,2026-06-26 14:35:34.874929,1,134.98,134.98
INV10400,CUST1187,2026-09-12 14:35:34.874931,2,51.76,103.52
INV10401,CUST1062,2026-05-02 14:35:34.874934,7,78.05,546.35
INV10402,CUST1116,2026-08-07 14:35:34.874935,4,37.67,150.68
INV10403,CUST1129,2026-06-05 14:35:34.874937,8,9.31,74.48
INV10404,CUST1087,2026-08-26 14:35:34.874939,3,9.39,28.17
INV10405,CUST1071,2026-05-06 14:35:34.874942,6,5.77,34.62
INV10406,CUST1138,2026-08-20 14:35:34.874944,9,5.37,48.33
INV10407,CUST1063,2026-09-18 14:35:34.874946,1,53.35,53.35
INV10408,CUST1071,2026-04-30 14:35:34.874948,1,295.19,295.19
INV10409,CUST1020,2026-09-13 14:35:34.874950,8,16.7,133.6
INV10410,CUST1017,2026-08-26 14:35:34.874952,3,40.39,121.17
INV10411,CUST1063,2026-03-23 14:35:34.874954,5,5.66,28.3
INV10412,CUST1081,2026-03-22 14:35:34.874956,1,305.07,305.07
INV10413,CUST1109,2026-07-29 14:35:34.874958,5,40.49,202.45000000000002
INV10414,CUST1094,2026-07-21 14:35:34.874959,6,3.42,20.52
INV10415,CUST1165,2026-08-14 14:35:34.874961,8,24.32,194.56
INV10416,CUST1031,2026-08-29 14:35:34.874963,3,42.55,127.64999999999999
INV10417,CUST1010,2026-08-26 14:35:34.874965,3,7.6,22.799999999999997
INV10418,CUST1044,2026-07-14 14:35:34.874967,9,11.33,101.97
INV10419,CUST1032,2026-06-27 14:35:34.874969,4,27.36,109.44
INV10420,CUST1101,2026-06-16 14:35:34.874970,4,9.3,37.2
INV10421,CUST1168,2026-06-17 14:35:34.874972,7,63.85,446.95
INV10422,CUST1135,2026-09-13 14:35:34.874974,2,147.27,294.54
INV10423,CUST1010,2026-08-09 14:35:34.874976,8,21.98,175.84
INV10424,CUST1178,2026-09-15 14:35:34.874978,6,17.18,103.08
INV10425,CUST1087,2026-08-02 14:35:34.874979,3,29.86,89.58
INV10426,CUST1040,2026-08-15 14:35:34.874981,9,18.65,167.85
INV10427,CUST1144,2026-05-10 14:35:34.874985,5,25.65,128.25
INV10428,CUST1075,2026-08-24 14:35:34.874986,8,2.46,19.68
INV10429,CUST1120,2026-09-11 14:35:34.874988,7,16.82,117.74000000000001
INV10430,CUST1045,2026-09-09 14:35:34.874990,8,32.04,256.32
INV10431,CUST1159,2026-06-24 14:35:34.874992,7,14.6,102.2
INV10432,CUST1079,2026-07-23 14:35:34.874993,3,6.0,18.0
INV10433,CUST1053,2026-09-12 14:35:34.874995,2,120.73,241.46
INV10434,CUST1085,2026-09-13 14:35:34.874997,7,6.25,43.75
INV10435,CUST1091,2026-07-08 14:35:34.874999,3,18.3,54.900000000000006
INV10436,CUST1147,2026-09-14 14:35:34.875000,3,12.33,36.99
INV10437,CUST1160,2026-06-07 14:35:34.875002,2,35.06,70.12
INV10438,CUST1167,2026-07-07 14:35:34.875004,4,55.51,222.04
INV10439,CUST1159,2026-09-13 14:35:34.875006,8,14.99,119.92
INV10440,CUST1096,2026-09-13 14:35:34.875008,1,44.39,44.39
INV10441,CUST1001,2026-01-03 14:35:34.875009,1,325.35,325.35
INV10442,CUST1032,2026-08-21 14:35:34.875011,5,65.5,327.5
INV10443,CUST1157,2026-08-22 14:35:34.875013,5,63.34,316.70000000000005
INV10444,CUST1160,2026-06-10 14:35:34.875015,1,50.93,50.93
INV10445,CUST1076,2026-03-26 14:35:34.875017,6,16.67,100.02000000000001
INV10446,CUST1115,2026-01-05 14:35:34.875018,1,639.85,639.85
INV10447,CUST1153,2026-06-27 14:35:34.875020,5,46.35,231.75
INV10448,CUST1149,2026-08-21 14:35:34.875022,9,1.57,14.13
INV10449,CUST1102,2026-09-13 14:35:34.875024,5,4.02,20.099999999999998
INV10450,CUST1193,2026-06-20 14:35:34.875026,6,17.25,103.5
INV10451,CUST1165,2026-07-31 14:35:34.875027,8,46.24,369.92
INV10452,CUST1102,2026-08-16 14:35:34.875029,1,126.06,126.06
INV10453,CUST1089,2026-04-29 14:35:34.875031,2,56.66,113.32
INV10454,CUST1173,2026-09-11 14:35:34.875033,9,2.97,26.73
INV10455,CUST1121,2026-08-09 14:35:34.875034,3,56.8,170.39999999999998
INV10456,CUST1142,2026-09-18 14:35:34.875036,6,44.83,268.98
INV10457,CUST1105,2026-08-12 14:35:34.875039,5,16.36,81.8
INV10458,CUST1118,2026-09-15 14:35:34.875041,2,117.08,234.16
INV10459,CUST1171,2026-09-11 14:35:34.875042,7,72.95,510.65000000000003
INV10460,CUST1048,2026-09-11 14:35:34.875044,4,11.04,44.16
INV10461,CUST1103,2026-07-18 14:35:34.875046,1,121.14,121.14
INV10462,CUST1060,2026-06-28 14:35:34.875048,4,15.19,60.76
INV10463,CUST1194,2026-07-28 14:35:34.875050,6,41.03,246.18
INV10464,CUST1122,2026-03-06 14:35:34.875051,7,19.9,139.29999999999998
INV10465,CUST1133,2026-08-21 14:35:34.875053,7,23.0,161.0
INV10466,CUST1008,2026-08-29 14:35:34.875055,7,35.69,249.82999999999998
INV10467,CUST1005,2026-05-20 14:35:34.875057,3,28.54,85.62
INV10468,CUST1072,2026-09-03 14:35:34.875059,6,63.32,379.92
INV10469,CUST1102,2026-03-04 14:35:34.875060,8,15.53,124.24
INV10470,CUST1159,2026-09-18 14:35:34.875062,4,8.95,35.8
INV10471,CUST1040,2026-02-20 14:35:34.875064,8,23.57,188.56
INV10472,CUST1113,2026-09-16 14:35:34.875066,2,123.22,246.44
INV10473,CUST1007,2026-05-08 14:35:34.875067,9,7.46,67.14
INV10474,CUST1071,2026-08-04 14:35:34.875069,9,33.55,301.95
INV10475,CUST1177,2025-11-25 14:35:34.875071,8,45.61,364.88
INV10476,CUST1091,2026-09-14 14:35:34.875073,1,58.63,58.63
INV10477,CUST1061,2026-08-01 14:35:34.875075,2,312.93,625.86
INV10478,CUST1083,2026-02-21 14:35:34.875076,6,5.46,32.76
INV10479,CUST1061,2026-08-05 14:35:34.875078,5,8.77,43.849999999999994
INV10480,CUST1110,2026-07-21 14:35:34.875080,9,4.5,40.5
INV10481,CUST1126,2026-07-09 14:35:34.875082,5,69.33,346.65
INV10482,CUST1006,2026-08-13 14:35:34.875084,2,84.66,169.32
INV10483,CUST1083,2026-07-21 14:35:34.875085,4,8.69,34.76
INV10484,CUST1131,2026-07-28 14:35:34.875087,9,10.78,97.02
INV10485,CUST1133,2026-05-03 14:35:34.875089,1,153.29,153.29
INV10486,CUST1057,2026-09-16 14:35:34.875091,1,23.07,23.07
INV10487,CUST1021,2026-08-30 14:35:34.875092,7,47.3,331.09999999999997
INV10488,CUST1153,2026-03-22 14:35:34.875094,3,84.71,254.13
INV10489,CUST1126,2026-05-09 14:35:34.875096,2,57.77,115.54
INV10490,CUST1002,2026-08-13 14:35:34.875099,9,58.03,522.27
INV10491,CUST1126,2026-07-22 14:35:34.875101,3,30.38,91.14
INV10492,CUST1040,2026-08-30 14:35:34.875103,2,315.66,631.32
INV10493,CUST1187,2026-09-06 14:35:34.875105,8,21.92,175.36
INV10494,CUST1105,2026-08-12 14:35:34.875106,6,26.84,161.04
INV10495,CUST1013,2026-08-23 14:35:34.875108,6,6.2,37.2
INV10496,CUST1011,2026-07-28 14:35:34.875110,7,47.21,330.47
INV10497,CUST1086,2026-09-14 14:35:34.875112,7,13.38,93.66000000000001
INV10498,CUST1011,2026-02-11 14:35:34.875114,6,6.09,36.54
INV10499,CUST1140,2026-01-04 14:35:34.875115,4,2.98,11.92
INV10500,CUST1024,2026-07-09 14:35:34.875117,9,14.78,133.01999999999998
INV10501,CUST1044,2026-08-03 14:35:34.875119,6,20.4,122.39999999999999
INV10502,CUST1121,2026-08-27 14:35:34.875121,4,50.15,200.6
INV10503,CUST1146,2026-06-10 14:35:34.875123,3,113.81,341.43
INV10504,CUST1054,2026-07-11 14:35:34.875125,4,5.6,22.4
INV10505,CUST1099,2026-09-08 14:35:34.875126,3,69.08,207.24
INV10506,CUST1172,2026-04-26 14:35:34.875128,2,20.56,41.12
INV10507,CUST1135,2026-06-07 14:35:34.875130,5,60.6,303.0
INV10508,CUST1118,2026-03-23 14:35:34.875132,2,133.22,266.44
INV10509,CUST1052,2026-07-03 14:35:34.875133,6,21.12,126.72
INV10510,CUST1182,2026-07-23 14:35:34.875135,3,65.27,195.81
INV10511,CUST1031,2026-08-17 14:35:34.875137,6,11.1,66.6
INV10512,CUST1050,2026-04-10 14:35:34.875139,9,11.73,105.57000000000001
INV10513,CUST1043,2026-05-21 14:35:34.875140,1,268.59,268.59
INV10514,CUST1081,2026-09-16 14:35:34.875142,6,17.04,102.24
INV10515,CUST1197,2026-09-17 14:35:34.875144,9,8.49,76.41
INV10516,CUST1145,2026-08-21 14:35:34.875146,4,28.06,112.24
INV10517,CUST1149,2026-06-11 14:35:34.875148,2,137.13,274.26
INV10518,CUST1036,2025-12-31 14:35:34.875149,4,17.81,71.24
INV10519,CUST1095,2026-09-09 14:35:34.875151,1,38.63,38.63
INV10520,CUST1055,2026-07-26 14:35:34.875153,3,65.58,196.74
INV10521,CUST1104,2026-08-21 14:35:34.875156,9,30.25,272.25
INV10522,CUST1058,2026-02-20 14:35:34.875158,5,5.18,25.9
INV10523,CUST1130,2026-05-31 14:35:34.875160,6,8.52,51.12
INV10524,CUST1155,2026-06-01 14:35:34.875161,3,10.99,32.97
INV10525,CUST1034,2026-08-12 14:35:34.875163,5,14.83,74.15
INV10526,CUST1188,2026-08-17 14:35:34.875165,8,12.47,99.76
INV10527,CUST1092,2026-08-30 14:35:34.875167,6,36.21,217.26
INV10528,CUST1181,2026-09-15 14:35:34.875169,4,41.99,167.96
INV10529,CUST1190,2026-05-21 14:35:34.875170,2,77.75,155.5
INV10530,CUST1096,2026-06-10 14:35:34.875172,9,8.35,75.14999999999999
INV10531,CUST1134,2025-05-16 14:35:34.875174,1,286.25,286.25
INV10532,CUST1075,2025-10-12 14:35:34.875176,1,105.6,105.6
INV10533,CUST1048,2026-08-01 14:35:34.875177,4,147.56,590.24
INV10534,CUST1093,2026-06-23 14:35:34.875179,7,22.98,160.86
INV10535,CUST1158,2026-03-29 14:35:34.875181,1,30.25,30.25
INV10536,CUST1185,2026-05-28 14:35:34.875182,9,19.9,179.1
INV10537,CUST1188,2026-09-01 14:35:34.875184,4,17.24,68.96
INV10538,CUST1023,2026-08-14 14:35:34.875186,3,61.3,183.89999999999998
INV10539,CUST1147,2026-09-10 14:35:34.875188,1,20.83,20.83
INV10540,CUST1036,2026-03-18 14:35:34.875189,4,9.71,38.84
INV10541,CUST1003,2026-07-25 14:35:34.875191,9,33.38,300.42
INV10542,CUST1107,2026-09-03 14:35:34.875193,6,8.11,48.66
INV10543,CUST1125,2026-07-14 14:35:34.875195,6,47.02,282.12
INV10544,CUST1019,2026-07-23 14:35:34.875196,1,59.12,59.12
INV10545,CUST1187,2026-08-23 14:35:34.875198,2,82.23,164.46
INV10546,CUST1151,2026-09-11 14:35:34.875200,6,31.28,187.68
INV10547,CUST1049,2026-07-14 14:35:34.875202,2,58.91,117.82
INV10548,CUST1176,2026-08-05 14:35:34.875203,3,21.55,64.65
INV10549,CUST1178,2026-06-22 14:35:34.875205,4,11.47,45.88
INV10550,CUST1095,2026-08-05 14:35:34.875207,5,3.01,15.049999999999999
INV10551,CUST1104,2026-05-27 14:35:34.875209,9,7.15,64.35000000000001
INV10552,CUST1163,2026-08-01 14:35:34.875210,4,42.21,168.84
INV10553,CUST1116,2026-07-31 14:35:34.875212,9,47.54,427.86
INV10554,CUST1097,2026-05-16 14:35:34.875214,3,105.81,317.43
INV10555,CUST1065,2026-08-19 14:35:34.875216,8,28.49,227.92
INV10556,CUST1078,2026-09-10 14:35:34.875217,1,242.99,242.99
INV10557,CUST1161,2026-09-17 14:35:34.875219,9,19.34,174.06
INV10558,CUST1163,2026-06-26 14:35:34.875221,9,6.14,55.26
INV10559,CUST1005,2026-07-22 14:35:34.875223,2,183.29,366.58
INV10560,CUST1038,2026-07-07 14:35:34.875224,4,44.16,176.64
INV10561,CUST1169,2026-09-04 14:35:34.875226,8,16.66,133.28
INV10562,CUST1114,2026-09-10 14:35:34.875228,7,3.95,27.650000000000002
INV10563,CUST1185,2026-09-18 14:35:34.875230,1,98.87,98.87
INV10564,CUST1124,2026-08-24 14:35:34.875231,5,20.51,102.55000000000001
INV10565,CUST1011,2026-07-27 14:35:34.875233,7,44.27,309.89000000000004
INV10566,CUST1130,2026-08-20 14:35:34.875235,4,32.17,128.68
INV10567,CUST1017,2026-08-15 14:35:34.875237,1,81.8,81.8
INV10568,CUST1039,2026-05-01 14:35:34.875239,9,63.84,574.5600000000001
INV10569,CUST1020,2026-08-24 14:35:34.875240,5,5.52,27.599999999999998
INV10570,CUST1142,2026-08-06 14:35:34.875242,2,46.18,92.36
INV10571,CUST1098,2026-06-19 14:35:34.875244,8,2.05,16.4
INV10572,CUST1025,2026-08-19 14:35:34.875246,2,106.0,212.0
INV10573,CUST1007,2026-07-22 14:35:34.875248,3,128.43,385.29
INV10574,CUST1099,2026-05-23 14:35:34.875249,1,59.28,59.28
INV10575,CUST1086,2026-03-23 14:35:34.875251,2,151.58,303.16
INV10576,CUST1041,2026-09-09 14:35:34.875255,7,8.83,61.81
INV10577,CUST1171,2026-04-15 14:35:34.875257,2,186.24,372.48
INV10578,CUST1013,2026-08-09 14:35:34.875259,6,36.72,220.32
INV10579,CUST1077,2026-09-01 14:35:34.875261,3,85.05,255.14999999999998
INV10580,CUST1001,2026-08-13 14:35:34.875263,4,3.18,12.72
INV10581,CUST1118,2026-01-27 14:35:34.875264,8,62.97,503.76
INV10582,CUST1036,2026-08-09 14:35:34.875266,3,68.19,204.57
INV10583,CUST1068,2026-08-26 14:35:34.875268,6,10.75,64.5
INV10584,CUST1165,2026-07-20 14:35:34.875270,1,275.26,275.26
INV10585,CUST1040,2026-09-02 14:35:34.875272,7,8.51,59.57
INV10586,CUST1061,2026-09-14 14:35:34.875273,8,39.91,319.28
INV10587,CUST1059,2026-09-10 14:35:34.875275,8,3.49,27.92
INV10588,CUST1124,2026-09-10 14:35:34.875277,3,64.15,192.45000000000002
INV10589,CUST1110,2026-09-09 14:35:34.875279,1,126.71,126.71
INV10590,CUST1013,2026-09-10 14:35:34.875280,9,2.8,25.2
INV10591,CUST1083,2026-07-19 14:35:34.875282,6,8.59,51.54
INV10592,CUST1129,2026-09-06 14:35:34.875284,9,1.32,11.88
INV10593,CUST1069,2026-08-24 14:35:34.875287,7,14.98,104.86
INV10594,CUST1144,2026-05-05 14:35:34.875289,1,63.77,63.77
INV10595,CUST1122,2026-08-11 14:35:34.875291,1,146.83,146.83
INV10596,CUST1088,2026-07-14 14:35:34.875292,6,10.49,62.94
INV10597,CUST1027,2026-09-07 14:35:34.875294,5,12.7,63.5
INV10598,CUST1065,2026-09-06 14:35:34.875296,9,23.77,213.93
INV10599,CUST1162,2026-09-16 14:35:34.875298,2,8.7,17.4
INV10600,CUST1004,2026-09-07 14:35:34.875299,8,44.97,359.76
INV10601,CUST1192,2026-08-30 14:35:34.875301,5,59.37,296.84999999999997
INV10602,CUST1167,2026-09-07 14:35:34.875303,2,87.65,175.3
INV10603,CUST1183,2026-09-13 14:35:34.875305,6,24.15,144.89999999999998
INV10604,CUST1163,2026-09-11 14:35:34.875307,8,43.03,344.24
INV10605,CUST1044,2026-08-12 14:35:34.875308,4,10.19,40.76
INV10606,CUST1150,2026-09-05 14:35:34.875310,2,11.17,22.34
INV10607,CUST1046,2026-08-22 14:35:34.875312,5,10.21,51.050000000000004
INV10608,CUST1030,2026-08-07 14:35:34.875314,2,123.7,247.4
INV10609,CUST1138,2026-07-10 14:35:34.875315,2,7.65,15.3
INV10610,CUST1009,2026-09-16 14:35:34.875317,6,23.52,141.12
INV10611,CUST1194,2026-06-14 14:35:34.875319,9,90.94,818.46
INV10612,CUST1117,2026-07-21 14:35:34.875321,4,75.09,300.36
INV10613,CUST1013,2026-09-13 14:35:34.875322,6,20.09,120.53999999999999
INV10614,CUST1079,2026-05-17 14:35:34.875324,7,2.84,19.88
INV10615,CUST1092,2026-04-19 14:35:34.875326,6,46.17,277.02
INV10616,CUST1009,2026-09-15 14:35:34.875328,8,18.38,147.04
INV10617,CUST1075,2026-08-30 14:35:34.875329,4,7.08,28.32
INV10618,CUST1093,2026-06-12 14:35:34.875331,1,24.78,24.78
INV10619,CUST1104,2026-06-28 14:35:34.875333,7,52.94,370.58
INV10620,CUST1000,2026-09-06 14:35:34.875335,3,58.65,175.95
INV10621,CUST1132,2026-09-04 14:35:34.875337,6,45.86,275.15999999999997
INV10622,CUST1019,2026-08-22 14:35:34.875338,2,163.38,326.76
INV10623,CUST1007,2026-08-10 14:35:34.875340,9,15.25,137.25
INV10624,CUST1170,2026-07-23 14:35:34.875342,1,119.3,119.3
INV10625,CUST1000,2026-08-22 14:35:34.875344,6,15.74,94.44
INV10626,CUST1056,2026-08-12 14:35:34.875346,6,11.2,67.19999999999999
INV10627,CUST1063,2026-06-28 14:35:34.875348,5,19.11,95.55
INV10628,CUST1117,2026-09-16 14:35:34.875349,5,46.6,233.0
INV10629,CUST1027,2026-09-01 14:35:34.875351,1,148.17,148.17
INV10630,CUST1120,2026-07-06 14:35:34.875353,5,68.91,344.54999999999995
INV10631,CUST1106,2026-05-06 14:35:34.875355,2,48.94,97.88
INV10632,CUST1164,2026-08-06 14:35:34.875356,7,21.45,150.15
INV10633,CUST1174,2026-08-04 14:35:34.875358,3,53.22,159.66
INV10634,CUST1164,2026-09-12 14:35:34.875360,4,36.09,144.36
INV10635,CUST1048,2026-08-14 14:35:34.875362,3,63.97,191.91
INV10636,CUST1119,2026-08-04 14:35:34.875364,3,16.89,50.67
INV10637,CUST1043,2026-09-02 14:35:34.875365,4,29.43,117.72
INV10638,CUST1055,2026-08-31 14:35:34.875367,5,5.3,26.5
INV10639,CUST1155,2026-08-21 14:35:34.875369,1,82.8,82.8
INV10640,CUST1110,2026-09-17 14:35:34.875371,4,27.58,110.32
INV10641,CUST1133,2026-08-26 14:35:34.875372,8,21.05,168.4
INV10642,CUST1107,2026-09-04 14:35:34.875374,7,65.85,460.94999999999993
INV10643,CUST1188,2026-08-26 14:35:34.875376,9,16.41,147.69
INV10644,CUST1147,2026-09-11 14:35:34.875378,5,42.83,214.14999999999998
INV10645,CUST1113,2026-05-09 14:35:34.875379,4,28.97,115.88
INV10646,CUST1077,2026-07-26 14:35:34.875381,8,20.1,160.8
INV10647,CUST1129,2026-07-12 14:35:34.875383,9,2.34,21.06
INV10648,CUST1036,2026-06-17 14:35:34.875385,7,7.72,54.04
INV10649,CUST1019,2026-08-08 14:35:34.875386,7,11.05,77.35000000000001
INV10650,CUST1025,2026-09-13 14:35:34.875388,5,21.19,105.95
INV10651,CUST1028,2026-08-03 14:35:34.875390,4,4.25,17.0
INV10652,CUST1000,2026-07-27 14:35:34.875392,1,32.63,32.63
INV10653,CUST1118,2026-06-28 14:35:34.875394,7,8.37,58.589999999999996
INV10654,CUST1034,2026-08-16 14:35:34.875395,1,543.85,543.85
INV10655,CUST1197,2026-09-10 14:35:34.875397,1,70.37,70.37
INV10656,CUST1058,2026-08-29 14:35:34.875399,5,21.74,108.69999999999999
INV10657,CUST1068,2026-08-22 14:35:34.875401,9,4.75,42.75
INV10658,CUST1160,2026-07-18 14:35:34.875402,6,25.26,151.56
INV10659,CUST1178,2026-07-30 14:35:34.875404,3,19.81,59.42999999999999
INV10660,CUST1011,2026-08-23 14:35:34.875407,3,14.93,44.79
INV10661,CUST1019,2026-01-03 14:35:34.875409,7,17.0,119.0
INV10662,CUST1180,2026-07-25 14:35:34.875412,6,1.8,10.8
INV10663,CUST1042,2026-09-02 14:35:34.875413,9,1.24,11.16
INV10664,CUST1125,2026-09-12 14:35:34.875415,6,7.85,47.099999999999994
INV10665,CUST1049,2026-09-09 14:35:34.875417,5,3.12,15.600000000000001
INV10666,CUST1028,2026-09-02 14:35:34.875419,7,3.88,27.16
INV10667,CUST1184,2026-09-08 14:35:34.875421,1,72.07,72.07
INV10668,CUST1038,2026-09-06 14:35:34.875422,7,36.2,253.40000000000003
INV10669,CUST1183,2026-08-29 14:35:34.875424,3,45.77,137.31
INV10670,CUST1170,2026-09-07 14:35:34.875426,9,13.09,117.81
INV10671,CUST1177,2026-05-05 14:35:34.875427,6,10.35,62.099999999999994
INV10672,CUST1150,2026-09-13 14:35:34.875429,9,45.85,412.65000000000003
INV10673,CUST1171,2026-08-05 14:35:34.875432,5,17.18,85.9
INV10674,CUST1037,2026-08-18 14:35:34.875434,7,3.38,23.66
INV10675,CUST1083,2026-01-19 14:35:34.875436,4,38.5,154.0
INV10676,CUST1150,2026-09-11 14:35:34.875438,7,4.02,28.139999999999997
INV10677,CUST1127,2026-08-19 14:35:34.875439,1,73.52,73.52
INV10678,CUST1125,2026-02-21 14:35:34.875441,7,16.6,116.20000000000002
INV10679,CUST1044,2026-05-21 14:35:34.875443,8,40.12,320.96
INV10680,CUST1051,2026-06-09 14:35:34.875445,5,22.41,112.05
INV10681,CUST1079,2026-09-01 14:35:34.875447,2,95.86,191.72
INV10682,CUST1177,2026-09-07 14:35:34.875448,5,150.08,750.4000000000001
INV10683,CUST1123,2026-07-14 14:35:34.875450,6,5.19,31.14
INV10684,CUST1118,2026-04-12 14:35:34.875452,2,29.09,58.18
INV10685,CUST1007,2026-08-01 14:35:34.875454,6,14.21,85.26
INV10686,CUST1084,2026-07-30 14:35:34.875455,6,15.36,92.16
INV10687,CUST1128,2026-08-30 14:35:34.875457,1,89.4,89.4
INV10688,CUST1007,2026-06-22 14:35:34.875459,1,367.26,367.26
INV10689,CUST1156,2026-09-06 14:35:34.875461,3,65.93,197.79000000000002
INV10690,CUST1095,2026-08-26 14:35:34.875462,3,50.15,150.45
INV10691,CUST1101,2026-08-16 14:35:34.875464,4,16.38,65.52
INV10692,CUST1004,2026-08-07 14:35:34.875466,2,135.21,270.42
INV10693,CUST1085,2026-09-02 14:35:34.875468,9,52.82,475.38
INV10694,CUST1174,2026-09-11 14:35:34.875469,7,38.32,268.24
INV10695,CUST1033,2026-07-24 14:35:34.875471,7,1.46,10.219999999999999
INV10696,CUST1192,2026-08-29 14:35:34.875473,6,26.96,161.76
INV10697,CUST1054,2026-07-28 14:35:34.875475,3,5.96,17.88
INV10698,CUST1118,2026-09-08 14:35:34.875476,6,9.11,54.66
INV10699,CUST1170,2026-08-10 14:35:34.875478,8,2.4,19.2
INV10700,CUST1157,2026-08-04 14:35:34.875480,8,18.61,148.88
INV10701,CUST1113,2026-09-15 14:35:34.875482,9,20.45,184.04999999999998
INV10702,CUST1144,2026-08-25 14:35:34.875484,1,28.24,28.24
INV10703,CUST1025,2026-09-10 14:35:34.875485,1,82.64,82.64
INV10704,CUST1135,2026-09-15 14:35:34.875487,3,33.8,101.39999999999999
INV10705,CUST1046,2025-12-16 14:35:34.875489,3,26.36,79.08
INV10706,CUST1112,2026-08-26 14:35:34.875491,8,3.67,29.36
INV10707,CUST1075,2026-06-11 14:35:34.875494,1,91.44,91.44
INV10708,CUST1071,2026-09-01 14:35:34.875497,2,109.33,218.66
INV10709,CUST1088,2026-07-12 14:35:34.875500,2,10.52,21.04
INV10710,CUST1045,2026-06-25 14:35:34.875503,3,7.51,22.53
INV10711,CUST1195,2026-07-26 14:35:34.875506,6,12.62,75.72
INV10712,CUST1032,2026-08-11 14:35:34.875509,1,436.39,436.39
INV10713,CUST1000,2026-08-18 14:35:34.875512,2,87.83,175.66
INV10714,CUST1146,2026-08-24 14:35:34.875515,1,180.29,180.29
INV10715,CUST1030,2026-04-12 14:35:34.875558,5,15.48,77.4
INV10716,CUST1141,2026-06-04 14:35:34.875564,7,20.73,145.11
INV10717,CUST1052,2026-03-01 14:35:34.875567,8,1.44,11.52
INV10718,CUST1047,2026-09-11 14:35:34.875571,1,161.63,161.63
INV10719,CUST1068,2026-07-02 14:35:34.875575,7,53.82,376.74
INV10720,CUST1104,2026-04-04 14:35:34.875578,5,30.45,152.25
INV10721,CUST1089,2026-09-07 14:35:34.875582,1,320.36,320.36
INV10722,CUST1189,2026-09-14 14:35:34.875586,3,67.7,203.10000000000002
INV10723,CUST1193,2026-06-29 14:35:34.875589,7,4.18,29.259999999999998
INV10724,CUST1191,2026-07-29 14:35:34.875593,1,359.11,359.11
INV10725,CUST1197,2026-05-31 14:35:34.875596,7,2.9,20.3
INV10726,CUST1062,2026-09-09 14:35:34.875600,5,24.9,124.5
INV10727,CUST1072,2026-06-15 14:35:34.875608,1,33.0,33.0
INV10728,CUST1160,2026-09-05 14:35:34.875611,1,11.77,11.77
INV10729,CUST1168,2026-09-08 14:35:34.875614,1,92.24,92.24
INV10730,CUST1088,2026-09-08 14:35:34.875617,9,6.94,62.46
INV10731,CUST1175,2026-06-09 14:35:34.875620,3,36.61,109.83
INV10732,CUST1012,2026-07-15 14:35:34.875624,5,27.83,139.14999999999998
INV10733,CUST1072,2026-08-05 14:35:34.875627,9,1.86,16.740000000000002
INV10734,CUST1076,2026-08-23 14:35:34.875630,6,4.95,29.700000000000003
INV10735,CUST1158,2026-05-16 14:35:34.875633,9,14.74,132.66
INV10736,CUST1067,2026-08-20 14:35:34.875637,8,9.13,73.04
INV10737,CUST1097,2026-06-09 14:35:34.875640,8,25.74,205.92
INV10738,CUST1124,2026-08-15 14:35:34.875643,1,168.46,168.46
INV10739,CUST1101,2026-08-21 14:35:34.875647,9,32.25,290.25
INV10740,CUST1131,2026-08-12 14:35:34.875650,6,31.15,186.89999999999998
INV10741,CUST1101,2026-08-28 14:35:34.875653,9,10.48,94.32000000000001
INV10742,CUST1018,2026-06-28 14:35:34.875656,3,59.22,177.66
INV10743,CUST1197,2026-08-08 14:35:34.875659,3,19.44,58.32000000000001
INV10744,CUST1081,2026-09-03 14:35:34.875663,6,10.81,64.86
INV10745,CUST1140,2026-05-04 14:35:34.875669,9,27.04,243.35999999999999
INV10746,CUST1022,2026-08-20 14:35:34.875672,7,14.1,98.7
INV10747,CUST1082,2026-08-02 14:35:34.875675,3,83.4,250.20000000000002
INV10748,CUST1108,2026-04-29 14:35:34.875679,3,89.75,269.25
INV10749,CUST1074,2026-07-22 14:35:34.875682,2,151.16,302.32
INV10750,CUST1128,2026-09-11 14:35:34.875685,9,42.52,382.68
INV10751,CUST1087,2026-04-03 14:35:34.875689,3,31.53,94.59
INV10752,CUST1053,2026-07-21 14:35:34.875692,5,13.52,67.6
INV10753,CUST1198,2026-08-25 14:35:34.875695,9,15.66,140.94
INV10754,CUST1088,2026-09-10 14:35:34.875699,8,9.95,79.6
INV10755,CUST1142,2026-06-16 14:35:34.875702,2,73.92,147.84
INV10756,CUST1064,2026-07-22 14:35:34.875705,3,64.47,193.41
INV10757,CUST1075,2026-08-04 14:35:34.875708,2,92.45,184.9
INV10758,CUST1198,2026-05-07 14:35:34.875712,8,10.05,80.4
INV10759,CUST1142,2026-06-17 14:35:34.875715,6,6.23,37.38
INV10760,CUST1148,2026-09-09 14:35:34.875718,6,15.74,94.44
INV10761,CUST1146,2026-08-27 14:35:34.875724,9,3.68,33.120000000000005
INV10762,CUST1059,2026-09-01 14:35:34.875728,8,42.65,341.2
INV10763,CUST1092,2026-06-29 14:35:34.875731,4,18.42,73.68
INV10764,CUST1160,2026-09-16 14:35:34.875735,4,8.79,35.16
INV10765,CUST1048,2026-07-30 14:35:34.875738,9,1.54,13.86
INV10766,CUST1034,2026-06-24 14:35:34.875741,1,165.69,165.69
INV10767,CUST1171,2026-05-16 14:35:34.875745,2,80.98,161.96
INV10768,CUST1101,2026-08-24 14:35:34.875748,2,36.23,72.46
INV10769,CUST1010,2026-06-07 14:35:34.875751,6,3.53,21.18
INV10770,CUST1098,2026-09-11 14:35:34.875754,4,22.26,89.04
INV10771,CUST1199,2026-05-29 14:35:34.875758,3,21.97,65.91
INV10772,CUST1109,2026-09-10 14:35:34.875761,3,59.86,179.57999999999998
INV10773,CUST1073,2026-08-19 14:35:34.875765,3,49.88,149.64000000000001
INV10774,CUST1193,2026-06-15 14:35:34.875768,6,13.0,78.0
INV10775,CUST1173,2026-09-09 14:35:34.875771,8,5.86,46.88
INV10776,CUST1008,2026-09-03 14:35:34.875775,7,96.27,673.89
INV10777,CUST1002,2026-07-04 14:35:34.875778,4,25.19,100.76
INV10778,CUST1084,2026-07-04 14:35:34.875781,4,46.21,184.84
INV10779,CUST1025,2026-07-19 14:35:34.875785,2,16.36,32.72
INV10780,CUST1071,2026-07-09 14:35:34.875788,1,109.71,109.71
INV10781,CUST1047,2026-08-03 14:35:34.875792,9,1.58,14.22
INV10782,CUST1193,2026-09-01 14:35:34.875795,2,57.81,115.62
INV10783,CUST1197,2026-08-24 14:35:34.875799,8,63.59,508.72
INV10784,CUST1155,2026-09-06 14:35:34.875802,9,9.19,82.71
INV10785,CUST1116,2026-04-28 14:35:34.875805,4,3.99,15.96
INV10786,CUST1153,2026-07-28 14:35:34.875821,8,1.84,14.72
INV10787,CUST1152,2026-08-19 14:35:34.875827,9,9.29,83.60999999999999
INV10788,CUST1011,2026-08-12 14:35:34.875830,5,7.23,36.150000000000006
INV10789,CUST1132,2026-03-26 14:35:34.875833,7,1.93,13.51
INV10790,CUST1047,2026-09-09 14:35:34.875835,4,55.43,221.72
INV10791,CUST1036,2026-07-28 14:35:34.875838,1,102.02,102.02
INV10792,CUST1043,2026-08-07 14:35:34.875841,3,20.4,61.199999999999996
INV10793,CUST1014,2026-07-24 14:35:34.875844,5,71.1,355.5
INV10794,CUST1042,2026-09-17 14:35:34.875847,3,9.51,28.53
INV10795,CUST1175,2026-05-18 14:35:34.875851,7,68.32,478.23999999999995
INV10796,CUST1086,2026-04-10 14:35:34.875854,9,7.39,66.50999999999999
INV10797,CUST1069,2026-07-31 14:35:34.875857,6,56.49,338.94
INV10798,CUST1045,2026-07-09 14:35:34.875860,1,148.55,148.55
INV10799,CUST1107,2026-04-18 14:35:34.875864,7,38.99,272.93
INV10800,CUST1122,2026-07-07 14:35:34.875866,3,210.13,630.39
INV10801,CUST1170,2026-09-09 14:35:34.875870,5,12.21,61.050000000000004
INV10802,CUST1020,2026-07-29 14:35:34.875873,4,124.29,497.16
INV10803,CUST1150,2026-07-25 14:35:34.875876,5,16.8,84.0
INV10804,CUST1106,2026-08-16 14:35:34.875880,5,16.61,83.05
INV10805,CUST1079,2026-06-30 14:35:34.875883,6,12.07,72.42
INV10806,CUST1046,2026-04-08 14:35:34.875886,6,21.16,126.96000000000001
INV10807,CUST1116,2026-04-16 14:35:34.875890,8,4.39,35.12
INV10808,CUST1123,2026-08-14 14:35:34.875892,8,16.38,131.04
INV10809,CUST1142,2026-09-11 14:35:34.875896,9,14.12,127.08
INV10810,CUST1024,2026-01-10 14:35:34.875899,8,28.16,225.28
INV10811,CUST1035,2026-06-01 14:35:34.875903,2,139.52,279.04
INV10812,CUST1050,2026-09-11 14:35:34.875906,1,97.09,97.09
INV10813,CUST1014,2026-04-19 14:35:34.875909,2,32.0,64.0
INV10814,CUST1067,2026-05-19 14:35:34.875913,2,27.52,55.04
INV10815,CUST1020,2026-08-06 14:35:34.875916,3,14.16,42.480000000000004
INV10816,CUST1140,2026-07-27 14:35:34.875919,7,2.7,18.900000000000002
INV10817,CUST1018,2026-08-19 14:35:34.875923,2,36.44,72.88
INV10818,CUST1033,2026-09-15 14:35:34.875926,1,57.26,57.26
INV10819,CUST1077,2026-08-25 14:35:34.875929,6,86.51,519.0600000000001
INV10820,CUST1124,2026-06-13 14:35:34.875932,9,14.71,132.39000000000001
INV10821,CUST1195,2026-09-18 14:35:34.875935,3,24.66,73.98
INV10822,CUST1116,2026-08-25 14:35:34.875938,6,23.38,140.28
INV10823,CUST1051,2026-08-19 14:35:34.875942,3,10.83,32.49
INV10824,CUST1026,2026-08-03 14:35:34.875945,1,98.06,98.06
INV10825,CUST1156,2026-04-20 14:35:34.875948,5,31.52,157.6
INV10826,CUST1155,2026-08-24 14:35:34.875952,4,27.67,110.68
INV10827,CUST1034,2026-08-24 14:35:34.875955,7,12.44,87.08
INV10828,CUST1135,2026-06-30 14:35:34.875958,6,128.94,773.64
INV10829,CUST1143,2026-08-13 14:35:34.875961,7,46.92,328.44
INV10830,CUST1105,2026-09-03 14:35:34.875965,5,31.3,156.5
INV10831,CUST1163,2026-08-13 14:35:34.875968,4,34.09,136.36
INV10832,CUST1157,2026-09-09 14:35:34.875971,7,22.2,155.4
INV10833,CUST1145,2026-09-07 14:35:34.875974,7,6.25,43.75
INV10834,CUST1001,2026-08-08 14:35:34.875977,6,14.24,85.44
INV10835,CUST1176,2026-08-17 14:35:34.875981,8,2.0,16.0
INV10836,CUST1076,2026-04-24 14:35:34.875984,4,26.7,106.8
INV10837,CUST1131,2026-08-22 14:35:34.875987,5,25.49,127.44999999999999
INV10838,CUST1089,2026-07-28 14:35:34.875990,4,12.19,48.76
INV10839,CUST1088,2026-07-20 14:35:34.875993,1,508.76,508.76
INV10840,CUST1093,2026-09-18 14:35:34.875996,8,46.29,370.32
INV10841,CUST1006,2026-07-15 14:35:34.875999,1,202.1,202.1
INV10842,CUST1094,2026-09-07 14:35:34.876002,5,24.87,124.35000000000001
INV10843,CUST1107,2026-03-08 14:35:34.876005,6,52.67,316.02
INV10844,CUST1073,2026-09-09 14:35:34.876008,6,5.17,31.02
INV10845,CUST1038,2026-08-17 14:35:34.876011,5,48.89,244.45
INV10846,CUST1140,2026-09-13 14:35:34.876015,3,10.0,30.0
INV10847,CUST1158,2025-10-07 14:35:34.876018,5,49.43,247.15
INV10848,CUST1070,2026-08-08 14:35:34.876022,8,7.3,58.4
INV10849,CUST1190,2026-07-26 14:35:34.876025,2,162.22,324.44
INV10850,CUST1055,2026-09-14 14:35:34.876028,6,73.75,442.5
INV10851,CUST1169,2026-06-27 14:35:34.876031,9,3.8,34.199999999999996
INV10852,CUST1188,2026-09-04 14:35:34.876035,8,12.9,103.2
INV10853,CUST1041,2026-05-05 14:35:34.876044,8,75.55,604.4
INV10854,CUST1183,2026-09-05 14:35:34.876047,8,13.63,109.04
INV10855,CUST1035,2026-09-06 14:35:34.876050,7,44.11,308.77
INV10856,CUST1083,2026-09-16 14:35:34.876053,8,17.91,143.28
INV10857,CUST1195,2026-08-11 14:35:34.876057,6,13.43,80.58
INV10858,CUST1117,2026-07-31 14:35:34.876060,2,30.24,60.48
INV10859,CUST1006,2026-09-14 14:35:34.876063,2,22.04,44.08
INV10860,CUST1053,2026-06-21 14:35:34.876066,8,28.15,225.2
INV10861,CUST1128,2026-08-13 14:35:34.876072,1,83.3,83.3
INV10862,CUST1171,2026-08-05 14:35:34.876075,6,19.57,117.42
INV10863,CUST1119,2026-08-15 14:35:34.876078,6,18.61,111.66
INV10864,CUST1172,2026-08-19 14:35:34.876081,4,34.79,139.16
INV10865,CUST1105,2026-07-31 14:35:34.876083,3,103.67,311.01
INV10866,CUST1046,2026-09-08 14:35:34.876087,3,200.82,602.46
INV10867,CUST1122,2026-09-06 14:35:34.876089,1,88.53,88.53
INV10868,CUST1140,2026-05-23 14:35:34.876092,3,91.21,273.63
INV10869,CUST1118,2026-03-27 14:35:34.876095,4,56.73,226.92
INV10870,CUST1149,2026-08-21 14:35:34.876098,5,27.57,137.85
INV10871,CUST1117,2026-08-31 14:35:34.876101,3,159.57,478.71
INV10872,CUST1020,2026-07-19 14:35:34.876105,6,7.26,43.56
INV10873,CUST1136,2026-08-18 14:35:34.876108,5,5.47,27.349999999999998
INV10874,CUST1025,2026-09-17 14:35:34.876111,3,99.53,298.59000000000003
INV10875,CUST1008,2026-09-08 14:35:34.876114,6,16.12,96.72
INV10876,CUST1014,2026-07-05 14:35:34.876118,6,48.59,291.54
INV10877,CUST1009,2026-07-16 14:35:34.876121,8,43.17,345.36
INV10878,CUST1121,2026-09-17 14:35:34.876124,2,9.84,19.68
INV10879,CUST1120,2026-09-03 14:35:34.876127,1,332.43,332.43
INV10880,CUST1124,2026-09-03 14:35:34.876130,4,24.8,99.2
INV10881,CUST1169,2026-07-14 14:35:34.876134,7,16.73,117.11
INV10882,CUST1071,2026-09-17 14:35:34.876137,3,52.59,157.77
INV10883,CUST1151,2026-09-12 14:35:34.876140,3,133.78,401.34000000000003
INV10884,CUST1048,2026-06-14 14:35:34.876143,5,2.58,12.9
INV10885,CUST1153,2026-09-07 14:35:34.876147,5,21.44,107.2
INV10886,CUST1090,2026-07-17 14:35:34.876150,3,61.53,184.59
INV10887,CUST1036,2026-09-02 14:35:34.876153,9,22.49,202.41
INV10888,CUST1067,2026-09-12 14:35:34.876156,4,46.73,186.92
INV10889,CUST1049,2026-09-02 14:35:34.876160,3,10.55,31.650000000000002
INV10890,CUST1151,2026-07-04 14:35:34.876164,2,31.69,63.38
INV10891,CUST1018,2026-05-25 14:35:34.876167,9,8.52,76.67999999999999
INV10892,CUST1099,2026-06-04 14:35:34.876170,4,63.7,254.8
INV10893,CUST1059,2026-08-19 14:35:34.876174,3,19.67,59.010000000000005
INV10894,CUST1166,2026-07-14 14:35:34.876177,7,6.5,45.5
INV10895,CUST1088,2026-09-05 14:35:34.876180,8,60.44,483.52
INV10896,CUST1145,2026-08-29 14:35:34.876184,2,5.67,11.34
INV10897,CUST1146,2026-05-06 14:35:34.876187,7,132.76,929.3199999999999
INV10898,CUST1163,2026-09-18 14:35:34.876190,5,35.89,179.45
INV10899,CUST1182,2026-09-13 14:35:34.876193,5,54.89,274.45
INV10900,CUST1068,2026-09-05 14:35:34.876196,3,20.78,62.34
INV10901,CUST1174,2026-09-17 14:35:34.876199,5,2.43,12.15
INV10902,CUST1048,2026-09-06 14:35:34.876203,2,105.42,210.84
INV10903,CUST1107,2026-07-28 14:35:34.876206,4,69.87,279.48
INV10904,CUST1160,2026-08-17 14:35:34.876209,6,35.39,212.34
INV10905,CUST1118,2026-05-08 14:35:34.876212,1,33.12,33.12
INV10906,CUST1148,2026-06-08 14:35:34.876215,4,55.0,220.0
INV10907,CUST1149,2026-08-24 14:35:34.876218,6,38.29,229.74
INV10908,CUST1175,2026-08-31 14:35:34.876221,9,19.02,171.18
INV10909,CUST1036,2026-08-21 14:35:34.876224,2,113.97,227.94
INV10910,CUST1142,2026-07-27 14:35:34.876228,7,41.51,290.57
INV10911,CUST1162,2026-08-31 14:35:34.876231,6,25.44,152.64000000000001
INV10912,CUST1198,2026-07-22 14:35:34.876234,2,11.96,23.92
INV10913,CUST1159,2026-08-18 14:35:34.876237,8,13.79,110.32
INV10914,CUST1010,2026-08-01 14:35:34.876241,7,3.16,22.12
INV10915,CUST1137,2026-08-15 14:35:34.876244,5,17.7,88.5
INV10916,CUST1077,2026-08-29 14:35:34.876250,5,17.68,88.4
INV10917,CUST1076,2026-03-25 14:35:34.876254,7,2.89,20.23
INV10918,CUST1184,2026-06-24 14:35:34.876257,9,8.26,74.34
INV10919,CUST1152,2026-09-09 14:35:34.876261,9,3.07,27.63
INV10920,CUST1001,2026-05-20 14:35:34.876264,9,28.64,257.76
INV10921,CUST1063,2026-08-09 14:35:34.876267,6,75.43,452.58000000000004
INV10922,CUST1034,2026-05-07 14:35:34.876271,6,3.54,21.240000000000002
INV10923,CUST1006,2026-06-14 14:35:34.876274,3,158.52,475.56000000000006
INV10924,CUST1084,2026-08-16 14:35:34.876277,1,120.9,120.9
INV10925,CUST1145,2026-09-17 14:35:34.876281,7,9.06,63.42
INV10926,CUST1066,2026-08-31 14:35:34.876284,4,5.5,22.0
INV10927,CUST1041,2026-08-03 14:35:34.876289,1,114.16,114.16
INV10928,CUST1117,2026-07-20 14:35:34.876292,8,30.92,247.36
INV10929,CUST1124,2026-09-01 14:35:34.876296,6,32.36,194.16
INV10930,CUST1166,2026-09-09 14:35:34.876299,6,2.95,17.700000000000003
INV10931,CUST1168,2026-06-02 14:35:34.876302,2,10.68,21.36
INV10932,CUST1023,2026-01-12 14:35:34.876305,1,87.34,87.34
INV10933,CUST1187,2026-08-05 14:35:34.876308,2,31.25,62.5
INV10934,CUST1045,2026-09-07 14:35:34.876312,4,12.42,49.68
INV10935,CUST1018,2026-08-30 14:35:34.876316,2,29.74,59.48
INV10936,CUST1067,2026-09-17 14:35:34.876319,1,254.05,254.05
INV10937,CUST1101,2026-04-24 14:35:34.876324,7,58.18,407.26
INV10938,CUST1041,2026-09-11 14:35:34.876327,8,10.99,87.92
INV10939,CUST1031,2026-07-29 14:35:34.876330,6,60.81,364.86
INV10940,CUST1166,2026-08-30 14:35:34.876333,4,17.04,68.16
INV10941,CUST1108,2026-08-01 14:35:34.876336,6,17.84,107.03999999999999
INV10942,CUST1035,2026-07-17 14:35:34.876340,3,16.14,48.42
INV10943,CUST1096,2026-06-04 14:35:34.876344,8,20.43,163.44
INV10944,CUST1163,2026-09-05 14:35:34.876347,2,294.68,589.36
INV10945,CUST1130,2026-09-18 14:35:34.876350,5,29.75,148.75
INV10946,CUST1072,2026-09-10 14:35:34.876354,1,76.43,76.43
INV10947,CUST1135,2026-05-03 14:35:34.876357,6,27.76,166.56
INV10948,CUST1096,2026-05-17 14:35:34.876360,2,14.84,29.68
INV10949,CUST1122,2026-07-26 14:35:34.876363,4,84.82,339.28
INV10950,CUST1069,2026-07-25 14:35:34.876366,6,19.15,114.89999999999999
INV10951,CUST1168,2026-07-15 14:35:34.876370,8,12.44,99.52
INV10952,CUST1195,2026-09-07 14:35:34.876373,8,17.78,142.24
INV10953,CUST1012,2026-04-24 14:35:34.876376,6,26.17,157.02
INV10954,CUST1048,2026-08-17 14:35:34.876380,4,5.29,21.16
INV10955,CUST1059,2026-08-21 14:35:34.876383,8,22.77,182.16
INV10956,CUST1129,2026-08-06 14:35:34.876386,8,6.44,51.52
INV10957,CUST1187,2026-09-16 14:35:34.876389,1,197.74,197.74
INV10958,CUST1004,2026-09-08 14:35:34.876392,4,67.34,269.36
INV10959,CUST1171,2026-06-30 14:35:34.876396,4,63.6,254.4
INV10960,CUST1026,2026-09-13 14:35:34.876399,7,18.66,130.62
INV10961,CUST1159,2026-07-25 14:35:34.876403,7,17.16,120.12
INV10962,CUST1148,2026-09-02 14:35:34.876406,8,4.14,33.12
INV10963,CUST1007,2026-08-20 14:35:34.876409,5,46.8,234.0
INV10964,CUST1199,2026-08-29 14:35:34.876413,7,8.21,57.470000000000006
INV10965,CUST1049,2026-08-23 14:35:34.876416,8,14.12,112.96
INV10966,CUST1066,2026-07-04 14:35:34.876419,9,6.69,60.21
INV10967,CUST1043,2026-08-28 14:35:34.876422,3,10.52,31.56
INV10968,CUST1124,2026-07-30 14:35:34.876425,3,52.99,158.97
INV10969,CUST1057,2026-08-11 14:35:34.876429,4,4.59,18.36
INV10970,CUST1002,2026-07-15 14:35:34.876432,5,43.43,217.15
INV10971,CUST1085,2026-04-06 14:35:34.876435,1,67.32,67.32
INV10972,CUST1069,2026-07-01 14:35:34.876438,7,1.43,10.01
INV10973,CUST1129,2026-09-04 14:35:34.876445,9,13.04,117.35999999999999
INV10974,CUST1171,2026-09-17 14:35:34.876448,8,2.15,17.2
INV10975,CUST1001,2026-08-31 14:35:34.876451,5,11.7,58.5
INV10976,CUST1101,2026-07-26 14:35:34.876454,4,48.53,194.12
INV10977,CUST1034,2026-09-15 14:35:34.876458,7,2.82,19.74
INV10978,CUST1097,2026-08-08 14:35:34.876461,5,56.85,284.25
INV10979,CUST1029,2026-07-26 14:35:34.876464,7,1.51,10.57
INV10980,CUST1115,2026-08-25 14:35:34.876467,1,52.52,52.52
INV10981,CUST1007,2026-06-22 14:35:34.876470,1,212.58,212.58
INV10982,CUST1149,2026-09-12 14:35:34.876474,3,22.34,67.02
INV10983,CUST1043,2026-09-14 14:35:34.876477,2,13.06,26.12
INV10984,CUST1185,2026-07-02 14:35:34.876480,2,38.5,77.0
INV10985,CUST1035,2026-08-08 14:35:34.876483,7,8.18,57.26
INV10986,CUST1196,2026-07-11 14:35:34.876487,2,143.73,287.46
INV10987,CUST1076,2026-08-15 14:35:34.876490,4,16.6,66.4
INV10988,CUST1030,2026-09-02 14:35:34.876493,2,121.67,243.34
INV10989,CUST1046,2026-06-08 14:35:34.876497,6,57.28,343.68
INV10990,CUST1054,2026-06-14 14:35:34.876499,8,11.92,95.36
INV10991,CUST1105,2026-07-09 14:35:34.876502,4,92.77,371.08
INV10992,CUST1189,2026-08-30 14:35:34.876506,5,16.21,81.05000000000001
INV10993,CUST1157,2026-07-27 14:35:34.876508,4,127.24,508.96
INV10994,CUST1120,2026-08-23 14:35:34.876512,3,8.01,24.03
INV10995,CUST1054,2026-09-13 14:35:34.876516,5,36.85,184.25
INV10996,CUST1143,2026-04-22 14:35:34.876519,9,12.46,112.14000000000001
INV10997,CUST1011,2026-09-10 14:35:34.876522,8,10.45,83.6
INV10998,CUST1144,2026-03-22 14:35:34.876525,8,20.03,160.24
INV10999,CUST1143,2026-08-14 14:35:34.876529,8,24.07,192.56
